SUBNUM,TIME,JOBSAT1,COMMIT1,READY1,JOBSAT2,COMMIT2,READY2,JOBSAT3,COMMIT3,READY3,JSAT,COMMIT,READY
1,0,1.666667,1.666667,2.75,1,1.666667,1,3,3,3,1.666667,1.666667,2.75
1,1,1.666667,1.666667,2.75,1,1.666667,1,3,3,3,1,1.666667,1
1,2,1.666667,1.666667,2.75,1,1.666667,1,3,3,3,3,3,3
2,0,3.666667,1.666667,3,4,1.333333,2,4,1.333333,1.75,3.666667,1.666667,3
2,1,3.666667,1.666667,3,4,1.333333,2,4,1.333333,1.75,4,1.333333,2
2,2,3.666667,1.666667,3,4,1.333333,2,4,1.333333,1.75,4,1.333333,1.75
3,0,4,3.333333,3.75,4,3.333333,3.75,4,3.666667,1.75,4,3.333333,3.75
3,1,4,3.333333,3.75,4,3.333333,3.75,4,3.666667,1.75,4,3.333333,3.75
3,2,4,3.333333,3.75,4,3.333333,3.75,4,3.666667,1.75,4,3.666667,1.75
4,0,3.333333,3,2.5,3.666667,3.333333,3.25,3,3,3,3.333333,3,2.5
4,1,3.333333,3,2.5,3.666667,3.333333,3.25,3,3,3,3.666667,3.333333,3.25
4,2,3.333333,3,2.5,3.666667,3.333333,3.25,3,3,3,3,3,3
5,0,4,999,2.5,3.333333,3,3.75,3.666667,3.333333,3.25,4, ,2.5
5,1,4,999,2.5,3.333333,3,3.75,3.666667,3.333333,3.25,3.333333,3,3.75
5,2,4,999,2.5,3.333333,3,3.75,3.666667,3.333333,3.25,3.666667,3.333333,3.25
6,0,2,2.666667,2,3.333333,3.333333,2.25,3.333333,3.666667,1.5,2,2.666667,2
6,1,2,2.666667,2,3.333333,3.333333,2.25,3.333333,3.666667,1.5,3.333333,3.333333,2.25
6,2,2,2.666667,2,3.333333,3.333333,2.25,3.333333,3.666667,1.5,3.333333,3.666667,1.5
7,0,4.666667,3,2,2.333333,3.333333,1.75,1.333333,1.333333,1.25,4.666667,3,2
7,1,4.666667,3,2,2.333333,3.333333,1.75,1.333333,1.333333,1.25,2.333333,3.333333,1.75
7,2,4.666667,3,2,2.333333,3.333333,1.75,1.333333,1.333333,1.25,1.333333,1.333333,1.25
8,0,2.333333,3.333333,2.75,3.333333,3.333333,4,4,3.333333,4,2.333333,3.333333,2.75
8,1,2.333333,3.333333,2.75,3.333333,3.333333,4,4,3.333333,4,3.333333,3.333333,4
8,2,2.333333,3.333333,2.75,3.333333,3.333333,4,4,3.333333,4,4,3.333333,4
9,0,999,999,999,5,5,5,5,3.666667,5, , , 
9,1,999,999,999,5,5,5,5,3.666667,5,5,5,5
9,2,999,999,999,5,5,5,5,3.666667,5,5,3.666667,5
10,0,1,3.666667,2,1.333333,3.333333,3,3,3,3,1,3.666667,2
10,1,1,3.666667,2,1.333333,3.333333,3,3,3,3,1.333333,3.333333,3
10,2,1,3.666667,2,1.333333,3.333333,3,3,3,3,3,3,3
11,0,3,3.666667,2,2.666667,4, ,2.666667,3.333333,3.5,3,3.666667,2
11,1,3,3.666667,2,2.666667,4, ,2.666667,3.333333,3.5,2.666667,4, 
11,2,3,3.666667,2,2.666667,4, ,2.666667,3.333333,3.5,2.666667,3.333333,3.5
12,0,4,3.333333,4,3.666667,2.666667,3.5,4,2,3.5,4,3.333333,4
12,1,4,3.333333,4,3.666667,2.666667,3.5,4,2,3.5,3.666667,2.666667,3.5
12,2,4,3.333333,4,3.666667,2.666667,3.5,4,2,3.5,4,2,3.5
13,0,3.333333,3.666667,1.25, , ,1.75,3.333333,3.666667,1.5,3.333333,3.666667,1.25
13,1,3.333333,3.666667,1.25, , ,1.75,3.333333,3.666667,1.5, , ,1.75
13,2,3.333333,3.666667,1.25, , ,1.75,3.333333,3.666667,1.5,3.333333,3.666667,1.5
14,0,2.666667,2.666667,2.5,3.666667,3.333333,3.25,3,3,3.25,2.666667,2.666667,2.5
14,1,2.666667,2.666667,2.5,3.666667,3.333333,3.25,3,3,3.25,3.666667,3.333333,3.25
14,2,2.666667,2.666667,2.5,3.666667,3.333333,3.25,3,3,3.25,3,3,3.25
15,0,3.333333,3,3.75,4,3.333333,4.5,4,4.333333,4.5,3.333333,3,3.75
15,1,3.333333,3,3.75,4,3.333333,4.5,4,4.333333,4.5,4,3.333333,4.5
15,2,3.333333,3,3.75,4,3.333333,4.5,4,4.333333,4.5,4,4.333333,4.5
16,0,1.333333,2,2.75,3,1.666667,2.25,4,4,2.75,1.333333,2,2.75
16,1,1.333333,2,2.75,3,1.666667,2.25,4,4,2.75,3,1.666667,2.25
16,2,1.333333,2,2.75,3,1.666667,2.25,4,4,2.75,4,4,2.75
17,0,3.666667,4.666667,3.25,3,3,3,3,3,3,3.666667,4.666667,3.25
17,1,3.666667,4.666667,3.25,3,3,3,3,3,3,3,3,3
17,2,3.666667,4.666667,3.25,3,3,3,3,3,3,3,3,3
18,0,2.333333,3.333333,2.25,3,3,1.75,2.666667,3.333333,2,2.333333,3.333333,2.25
18,1,2.333333,3.333333,2.25,3,3,1.75,2.666667,3.333333,2,3,3,1.75
18,2,2.333333,3.333333,2.25,3,3,1.75,2.666667,3.333333,2,2.666667,3.333333,2
19,0,3,5,3.5,3.666667,4,3.5,4,4,4.25,3,5,3.5
19,1,3,5,3.5,3.666667,4,3.5,4,4,4.25,3.666667,4,3.5
19,2,3,5,3.5,3.666667,4,3.5,4,4,4.25,4,4,4.25
20,0,4,3.666667,3.75,4,3.666667,3.75,4,3.666667,3.75,4,3.666667,3.75
20,1,4,3.666667,3.75,4,3.666667,3.75,4,3.666667,3.75,4,3.666667,3.75
20,2,4,3.666667,3.75,4,3.666667,3.75,4,3.666667,3.75,4,3.666667,3.75
21,0,3.666667,4,2.25,3.333333,4,3.25,3,3.666667,3,3.666667,4,2.25
21,1,3.666667,4,2.25,3.333333,4,3.25,3,3.666667,3,3.333333,4,3.25
21,2,3.666667,4,2.25,3.333333,4,3.25,3,3.666667,3,3,3.666667,3
22,0,4,3.666667,4,4,4,4,4,3.666667,3.75,4,3.666667,4
22,1,4,3.666667,4,4,4,4,4,3.666667,3.75,4,4,4
22,2,4,3.666667,4,4,4,4,4,3.666667,3.75,4,3.666667,3.75
23,0,4,4,3.5,4,3.666667,3.25,4,3.666667,3.5,4,4,3.5
23,1,4,4,3.5,4,3.666667,3.25,4,3.666667,3.5,4,3.666667,3.25
23,2,4,4,3.5,4,3.666667,3.25,4,3.666667,3.5,4,3.666667,3.5
24,0,4,3.666667,2.75,3.666667,3.666667,4,3.333333,3.666667,4.25,4,3.666667,2.75
24,1,4,3.666667,2.75,3.666667,3.666667,4,3.333333,3.666667,4.25,3.666667,3.666667,4
24,2,4,3.666667,2.75,3.666667,3.666667,4,3.333333,3.666667,4.25,3.333333,3.666667,4.25
25,0,1.666667,2.333333,2.75,1.666667,1,2,2.666667,2.333333,3,1.666667,2.333333,2.75
25,1,1.666667,2.333333,2.75,1.666667,1,2,2.666667,2.333333,3,1.666667,1,2
25,2,1.666667,2.333333,2.75,1.666667,1,2,2.666667,2.333333,3,2.666667,2.333333,3
26,0,3.666667,4,4,3.666667,4,3.5,4,3.666667,3.75,3.666667,4,4
26,1,3.666667,4,4,3.666667,4,3.5,4,3.666667,3.75,3.666667,4,3.5
26,2,3.666667,4,4,3.666667,4,3.5,4,3.666667,3.75,4,3.666667,3.75
27,0,4.333333,5,3.25,3.333333,4.666667,4,3.333333,4.666667,4,4.333333,5,3.25
27,1,4.333333,5,3.25,3.333333,4.666667,4,3.333333,4.666667,4,3.333333,4.666667,4
27,2,4.333333,5,3.25,3.333333,4.666667,4,3.333333,4.666667,4,3.333333,4.666667,4
28,0,2,2.666667,2.5,3.333333,4.333333,2.25,3.333333,3.333333,3,2,2.666667,2.5
28,1,2,2.666667,2.5,3.333333,4.333333,2.25,3.333333,3.333333,3,3.333333,4.333333,2.25
28,2,2,2.666667,2.5,3.333333,4.333333,2.25,3.333333,3.333333,3,3.333333,3.333333,3
29,0,3.333333,3.333333,3.25,4,4,3.5,4.666667,4,3,3.333333,3.333333,3.25
29,1,3.333333,3.333333,3.25,4,4,3.5,4.666667,4,3,4,4,3.5
29,2,3.333333,3.333333,3.25,4,4,3.5,4.666667,4,3,4.666667,4,3
30,0,2.666667,3,3,1.666667,2.666667,2.5,1.666667,3,3,2.666667,3,3
30,1,2.666667,3,3,1.666667,2.666667,2.5,1.666667,3,3,1.666667,2.666667,2.5
30,2,2.666667,3,3,1.666667,2.666667,2.5,1.666667,3,3,1.666667,3,3
31,0,3.333333,4,3.25,3,3.666667,3.25,3.333333,3.666667,3.25,3.333333,4,3.25
31,1,3.333333,4,3.25,3,3.666667,3.25,3.333333,3.666667,3.25,3,3.666667,3.25
31,2,3.333333,4,3.25,3,3.666667,3.25,3.333333,3.666667,3.25,3.333333,3.666667,3.25
32,0,3,3.333333,3.25,1.666667,2.333333,3.25,3.333333,2.666667,3.5,3,3.333333,3.25
32,1,3,3.333333,3.25,1.666667,2.333333,3.25,3.333333,2.666667,3.5,1.666667,2.333333,3.25
32,2,3,3.333333,3.25,1.666667,2.333333,3.25,3.333333,2.666667,3.5,3.333333,2.666667,3.5
33,0,3,3.333333,3.25,3,3,3,3,3.666667,3.5,3,3.333333,3.25
33,1,3,3.333333,3.25,3,3,3,3,3.666667,3.5,3,3,3
33,2,3,3.333333,3.25,3,3,3,3,3.666667,3.5,3,3.666667,3.5
34,0,2.333333,3.333333,2.75,3,3.333333,2.75,3.333333,3.333333,2.5,2.333333,3.333333,2.75
34,1,2.333333,3.333333,2.75,3,3.333333,2.75,3.333333,3.333333,2.5,3,3.333333,2.75
34,2,2.333333,3.333333,2.75,3,3.333333,2.75,3.333333,3.333333,2.5,3.333333,3.333333,2.5
35,0,999,999,999,3.666667,3.333333,3.25,3.333333,3,3, , , 
35,1,999,999,999,3.666667,3.333333,3.25,3.333333,3,3,3.666667,3.333333,3.25
35,2,999,999,999,3.666667,3.333333,3.25,3.333333,3,3,3.333333,3,3
36,0,4,3.666667,4,4,4,4,4,4,4,4,3.666667,4
36,1,4,3.666667,4,4,4,4,4,4,4,4,4,4
36,2,4,3.666667,4,4,4,4,4,4,4,4,4,4
37,0,3.666667,3.666667,3.25,3.666667,4,3.75,4,3.666667,3.25,3.666667,3.666667,3.25
37,1,3.666667,3.666667,3.25,3.666667,4,3.75,4,3.666667,3.25,3.666667,4,3.75
37,2,3.666667,3.666667,3.25,3.666667,4,3.75,4,3.666667,3.25,4,3.666667,3.25
38,0,3,3.333333,3.25,2.333333,3,3.75,3,2.666667,2.75,3,3.333333,3.25
38,1,3,3.333333,3.25,2.333333,3,3.75,3,2.666667,2.75,2.333333,3,3.75
38,2,3,3.333333,3.25,2.333333,3,3.75,3,2.666667,2.75,3,2.666667,2.75
39,0,1.666667,4,4.5,3,4.333333,3.5,4,4,3.25,1.666667,4,4.5
39,1,1.666667,4,4.5,3,4.333333,3.5,4,4,3.25,3,4.333333,3.5
39,2,1.666667,4,4.5,3,4.333333,3.5,4,4,3.25,4,4,3.25
40,0,2,3.333333,2.75,2.333333,3.333333,3,2,2,2.5,2,3.333333,2.75
40,1,2,3.333333,2.75,2.333333,3.333333,3,2,2,2.5,2.333333,3.333333,3
40,2,2,3.333333,2.75,2.333333,3.333333,3,2,2,2.5,2,2,2.5
41,0,1.666667,3,2.5,2,3.666667,2.75,2,3,2.75,1.666667,3,2.5
41,1,1.666667,3,2.5,2,3.666667,2.75,2,3,2.75,2,3.666667,2.75
41,2,1.666667,3,2.5,2,3.666667,2.75,2,3,2.75,2,3,2.75
42,0,4.333333,5,3.75,4.666667,4.333333,3.75,4,4,4,4.333333,5,3.75
42,1,4.333333,5,3.75,4.666667,4.333333,3.75,4,4,4,4.666667,4.333333,3.75
42,2,4.333333,5,3.75,4.666667,4.333333,3.75,4,4,4,4,4,4
43,0,4,5,2.5,2.666667,5,2.25,3.333333,4.333333,1.75,4,5,2.5
43,1,4,5,2.5,2.666667,5,2.25,3.333333,4.333333,1.75,2.666667,5,2.25
43,2,4,5,2.5,2.666667,5,2.25,3.333333,4.333333,1.75,3.333333,4.333333,1.75
44,0,4,4,3.5,3.333333,3.666667,3,3,3.666667,2.75,4,4,3.5
44,1,4,4,3.5,3.333333,3.666667,3,3,3.666667,2.75,3.333333,3.666667,3
44,2,4,4,3.5,3.333333,3.666667,3,3,3.666667,2.75,3,3.666667,2.75
45,0,4,4,4,4,4,4,4,4,4,4,4,4
45,1,4,4,4,4,4,4,4,4,4,4,4,4
45,2,4,4,4,4,4,4,4,4,4,4,4,4
46,0,2,4,3.5,2.666667,4,4,4,4,3,2,4,3.5
46,1,2,4,3.5,2.666667,4,4,4,4,3,2.666667,4,4
46,2,2,4,3.5,2.666667,4,4,4,4,3,4,4,3
47,0,4,4.666667,2.25,3.666667,4,2.25,4,4,2.25,4,4.666667,2.25
47,1,4,4.666667,2.25,3.666667,4,2.25,4,4,2.25,3.666667,4,2.25
47,2,4,4.666667,2.25,3.666667,4,2.25,4,4,2.25,4,4,2.25
48,0,999,999,999,4,4,4,4,4.666667,4, , , 
48,1,999,999,999,4,4,4,4,4.666667,4,4,4,4
48,2,999,999,999,4,4,4,4,4.666667,4,4,4.666667,4
49,0,5,4.666667,4.75,5,5,5,5,5,5,5,4.666667,4.75
49,1,5,4.666667,4.75,5,5,5,5,5,5,5,5,5
49,2,5,4.666667,4.75,5,5,5,5,5,5,5,5,5
50,0,3.666667,3.666667,3, ,3,3,1.666667,2.333333,3,3.666667,3.666667,3
50,1,3.666667,3.666667,3, ,3,3,1.666667,2.333333,3, ,3,3
50,2,3.666667,3.666667,3, ,3,3,1.666667,2.333333,3,1.666667,2.333333,3
51,0,3.666667,4.666667,2.75,4,4,4,3.333333,4,4,3.666667,4.666667,2.75
51,1,3.666667,4.666667,2.75,4,4,4,3.333333,4,4,4,4,4
51,2,3.666667,4.666667,2.75,4,4,4,3.333333,4,4,3.333333,4,4
52,0,4,3.666667,4,3.333333,3.666667,4,3,3.333333,3.5,4,3.666667,4
52,1,4,3.666667,4,3.333333,3.666667,4,3,3.333333,3.5,3.333333,3.666667,4
52,2,4,3.666667,4,3.333333,3.666667,4,3,3.333333,3.5,3,3.333333,3.5
53,0,3.666667,3.666667,4,3.666667,3.333333,3.25,3.333333,3,4,3.666667,3.666667,4
53,1,3.666667,3.666667,4,3.666667,3.333333,3.25,3.333333,3,4,3.666667,3.333333,3.25
53,2,3.666667,3.666667,4,3.666667,3.333333,3.25,3.333333,3,4,3.333333,3,4
54,0,999,2,999,1.666667,1.666667,1.25,3,3,3, ,2, 
54,1,999,2,999,1.666667,1.666667,1.25,3,3,3,1.666667,1.666667,1.25
54,2,999,2,999,1.666667,1.666667,1.25,3,3,3,3,3,3
55,0,4,3.333333,2.75,4,3.666667,3.5,4,3.666667,3.25,4,3.333333,2.75
55,1,4,3.333333,2.75,4,3.666667,3.5,4,3.666667,3.25,4,3.666667,3.5
55,2,4,3.333333,2.75,4,3.666667,3.5,4,3.666667,3.25,4,3.666667,3.25
56,0,4,5,2.25,4,4.666667,3.25,2,3.333333,1.75,4,5,2.25
56,1,4,5,2.25,4,4.666667,3.25,2,3.333333,1.75,4,4.666667,3.25
56,2,4,5,2.25,4,4.666667,3.25,2,3.333333,1.75,2,3.333333,1.75
57,0,3,3,3.25,3,3,3.5,3.333333,3.333333,3.75,3,3,3.25
57,1,3,3,3.25,3,3,3.5,3.333333,3.333333,3.75,3,3,3.5
57,2,3,3,3.25,3,3,3.5,3.333333,3.333333,3.75,3.333333,3.333333,3.75
58,0,5,4.666667,2,2,3.333333,3.25,1.333333,3.333333,3.75,5,4.666667,2
58,1,5,4.666667,2,2,3.333333,3.25,1.333333,3.333333,3.75,2,3.333333,3.25
58,2,5,4.666667,2,2,3.333333,3.25,1.333333,3.333333,3.75,1.333333,3.333333,3.75
59,0,3,3.666667,3.25,4,4,4,4,4.333333,4.75,3,3.666667,3.25
59,1,3,3.666667,3.25,4,4,4,4,4.333333,4.75,4,4,4
59,2,3,3.666667,3.25,4,4,4,4,4.333333,4.75,4,4.333333,4.75
60,0,2,2.333333,2.75,2.666667,3,3,2,2,3,2,2.333333,2.75
60,1,2,2.333333,2.75,2.666667,3,3,2,2,3,2.666667,3,3
60,2,2,2.333333,2.75,2.666667,3,3,2,2,3,2,2,3
61,0,4.333333,2.666667,3.5,3.333333,2.333333, ,3.666667,3.666667,3.5,4.333333,2.666667,3.5
61,1,4.333333,2.666667,3.5,3.333333,2.333333, ,3.666667,3.666667,3.5,3.333333,2.333333, 
61,2,4.333333,2.666667,3.5,3.333333,2.333333, ,3.666667,3.666667,3.5,3.666667,3.666667,3.5
62,0,2,999,3,3.666667,3.666667,3.25,4.333333,3.333333,3.5,2, ,3
62,1,2,999,3,3.666667,3.666667,3.25,4.333333,3.333333,3.5,3.666667,3.666667,3.25
62,2,2,999,3,3.666667,3.666667,3.25,4.333333,3.333333,3.5,4.333333,3.333333,3.5
63,0,4.666667,4.666667,4,4.333333,4.333333,4.75,3,3,3,4.666667,4.666667,4
63,1,4.666667,4.666667,4,4.333333,4.333333,4.75,3,3,3,4.333333,4.333333,4.75
63,2,4.666667,4.666667,4,4.333333,4.333333,4.75,3,3,3,3,3,3
64,0,4,3.666667,3.75,3.333333,3,3.75,3,2,3.5,4,3.666667,3.75
64,1,4,3.666667,3.75,3.333333,3,3.75,3,2,3.5,3.333333,3,3.75
64,2,4,3.666667,3.75,3.333333,3,3.75,3,2,3.5,3,2,3.5
65,0,3,3.333333,3.25,1,4.333333,3.75,2.333333,5,3.75,3,3.333333,3.25
65,1,3,3.333333,3.25,1,4.333333,3.75,2.333333,5,3.75,1,4.333333,3.75
65,2,3,3.333333,3.25,1,4.333333,3.75,2.333333,5,3.75,2.333333,5,3.75
66,0,4,3.666667,3.75,4,4,4,4,4,4,4,3.666667,3.75
66,1,4,3.666667,3.75,4,4,4,4,4,4,4,4,4
66,2,4,3.666667,3.75,4,4,4,4,4,4,4,4,4
67,0,4,3.666667,3.25,4,4,3,4,4,3.75,4,3.666667,3.25
67,1,4,3.666667,3.25,4,4,3,4,4,3.75,4,4,3
67,2,4,3.666667,3.25,4,4,3,4,4,3.75,4,4,3.75
68,0,5,5,3,5,5,3.5,3.333333,3.666667,3.25,5,5,3
68,1,5,5,3,5,5,3.5,3.333333,3.666667,3.25,5,5,3.5
68,2,5,5,3,5,5,3.5,3.333333,3.666667,3.25,3.333333,3.666667,3.25
69,0,4,4,4, , , ,4,4,4,4,4,4
69,1,4,4,4, , , ,4,4,4, , , 
69,2,4,4,4, , , ,4,4,4,4,4,4
70,0,4.333333,4,3.25,4,3.666667,3.5,2,1.666667,1.75,4.333333,4,3.25
70,1,4.333333,4,3.25,4,3.666667,3.5,2,1.666667,1.75,4,3.666667,3.5
70,2,4.333333,4,3.25,4,3.666667,3.5,2,1.666667,1.75,2,1.666667,1.75
71,0,4,5,2.5,4.333333,4.666667,4.25,3.333333,5,2.5,4,5,2.5
71,1,4,5,2.5,4.333333,4.666667,4.25,3.333333,5,2.5,4.333333,4.666667,4.25
71,2,4,5,2.5,4.333333,4.666667,4.25,3.333333,5,2.5,3.333333,5,2.5
72,0,4.333333,4,2.75,4.333333, ,2.5,4.333333,4,3,4.333333,4,2.75
72,1,4.333333,4,2.75,4.333333, ,2.5,4.333333,4,3,4.333333, ,2.5
72,2,4.333333,4,2.75,4.333333, ,2.5,4.333333,4,3,4.333333,4,3
73,0,3.666667,3.333333,3.75,3.666667,3,3.5,4,3.333333,4,3.666667,3.333333,3.75
73,1,3.666667,3.333333,3.75,3.666667,3,3.5,4,3.333333,4,3.666667,3,3.5
73,2,3.666667,3.333333,3.75,3.666667,3,3.5,4,3.333333,4,4,3.333333,4
74,0,5,5,4, , , ,5,5,4.75,5,5,4
74,1,5,5,4, , , ,5,5,4.75, , , 
74,2,5,5,4, , , ,5,5,4.75,5,5,4.75
75,0,1.666667,2,2.75,2.333333,3.333333,3,2.333333,2.333333, ,1.666667,2,2.75
75,1,1.666667,2,2.75,2.333333,3.333333,3,2.333333,2.333333, ,2.333333,3.333333,3
75,2,1.666667,2,2.75,2.333333,3.333333,3,2.333333,2.333333, ,2.333333,2.333333, 
76,0,3.666667,3.333333,3.25, , , ,3.666667,4,3.5,3.666667,3.333333,3.25
76,1,3.666667,3.333333,3.25, , , ,3.666667,4,3.5, , , 
76,2,3.666667,3.333333,3.25, , , ,3.666667,4,3.5,3.666667,4,3.5
77,0,3.666667,3,3.25,3.666667,3.333333,3.75,4,4,4,3.666667,3,3.25
77,1,3.666667,3,3.25,3.666667,3.333333,3.75,4,4,4,3.666667,3.333333,3.75
77,2,3.666667,3,3.25,3.666667,3.333333,3.75,4,4,4,4,4,4
78,0,3,3,4,3,3.333333,4.25,2.666667,3,4,3,3,4
78,1,3,3,4,3,3.333333,4.25,2.666667,3,4,3,3.333333,4.25
78,2,3,3,4,3,3.333333,4.25,2.666667,3,4,2.666667,3,4
79,0,3.333333,3.333333,4,3.666667,3.666667,4,4,3.666667,4,3.333333,3.333333,4
79,1,3.333333,3.333333,4,3.666667,3.666667,4,4,3.666667,4,3.666667,3.666667,4
79,2,3.333333,3.333333,4,3.666667,3.666667,4,4,3.666667,4,4,3.666667,4
80,0,4,4,3.25,4,3.666667,2,2.666667,3.666667,2.25,4,4,3.25
80,1,4,4,3.25,4,3.666667,2,2.666667,3.666667,2.25,4,3.666667,2
80,2,4,4,3.25,4,3.666667,2,2.666667,3.666667,2.25,2.666667,3.666667,2.25
81,0,2.333333,2,1,2.333333,1.666667,1.75,2,2,1.5,2.333333,2,1
81,1,2.333333,2,1,2.333333,1.666667,1.75,2,2,1.5,2.333333,1.666667,1.75
81,2,2.333333,2,1,2.333333,1.666667,1.75,2,2,1.5,2,2,1.5
82,0,4,4,4,2.666667,4,4,3,4,4,4,4,4
82,1,4,4,4,2.666667,4,4,3,4,4,2.666667,4,4
82,2,4,4,4,2.666667,4,4,3,4,4,3,4,4
83,0,5,5,4.25,5,5,4.5,4,4.666667,3.75,5,5,4.25
83,1,5,5,4.25,5,5,4.5,4,4.666667,3.75,5,5,4.5
83,2,5,5,4.25,5,5,4.5,4,4.666667,3.75,4,4.666667,3.75
84,0,2.666667,3,3.5,3.333333,2.666667,3.75,2.333333,4,3.5,2.666667,3,3.5
84,1,2.666667,3,3.5,3.333333,2.666667,3.75,2.333333,4,3.5,3.333333,2.666667,3.75
84,2,2.666667,3,3.5,3.333333,2.666667,3.75,2.333333,4,3.5,2.333333,4,3.5
85,0,999,999,999,2.333333,2.666667,3.25,3.333333,3,3, , , 
85,1,999,999,999,2.333333,2.666667,3.25,3.333333,3,3,2.333333,2.666667,3.25
85,2,999,999,999,2.333333,2.666667,3.25,3.333333,3,3,3.333333,3,3
86,0,4,4,4,2.333333,2,2.75,4,3.666667,3.75,4,4,4
86,1,4,4,4,2.333333,2,2.75,4,3.666667,3.75,2.333333,2,2.75
86,2,4,4,4,2.333333,2,2.75,4,3.666667,3.75,4,3.666667,3.75
87,0,2,4.666667,2.75,2.333333,4.666667,2.5,3.333333,4,2.75,2,4.666667,2.75
87,1,2,4.666667,2.75,2.333333,4.666667,2.5,3.333333,4,2.75,2.333333,4.666667,2.5
87,2,2,4.666667,2.75,2.333333,4.666667,2.5,3.333333,4,2.75,3.333333,4,2.75
88,0,3,3.666667,1.25,3.333333,3.333333,1.75,3,3,2.75,3,3.666667,1.25
88,1,3,3.666667,1.25,3.333333,3.333333,1.75,3,3,2.75,3.333333,3.333333,1.75
88,2,3,3.666667,1.25,3.333333,3.333333,1.75,3,3,2.75,3,3,2.75
89,0,3,3,3,3,3,3,3,3,3,3,3,3
89,1,3,3,3,3,3,3,3,3,3,3,3,3
89,2,3,3,3,3,3,3,3,3,3,3,3,3
90,0,4.333333,5,3.25,3.666667,3.333333,3.75,3.333333,4,3.25,4.333333,5,3.25
90,1,4.333333,5,3.25,3.666667,3.333333,3.75,3.333333,4,3.25,3.666667,3.333333,3.75
90,2,4.333333,5,3.25,3.666667,3.333333,3.75,3.333333,4,3.25,3.333333,4,3.25
91,0,3.666667,2.666667,1.75,3,2.333333,3,2,2.333333,2.5,3.666667,2.666667,1.75
91,1,3.666667,2.666667,1.75,3,2.333333,3,2,2.333333,2.5,3,2.333333,3
91,2,3.666667,2.666667,1.75,3,2.333333,3,2,2.333333,2.5,2,2.333333,2.5
92,0,4,4,3,4,4,4, ,4,4.25,4,4,3
92,1,4,4,3,4,4,4, ,4,4.25,4,4,4
92,2,4,4,3,4,4,4, ,4,4.25, ,4,4.25
93,0,2.333333,2.666667,2.5,3,3.333333,2.5,3,3,3,2.333333,2.666667,2.5
93,1,2.333333,2.666667,2.5,3,3.333333,2.5,3,3,3,3,3.333333,2.5
93,2,2.333333,2.666667,2.5,3,3.333333,2.5,3,3,3,3,3,3
94,0,3,2.666667,3.75,2.666667,3,3.5,4,3.666667,3.25,3,2.666667,3.75
94,1,3,2.666667,3.75,2.666667,3,3.5,4,3.666667,3.25,2.666667,3,3.5
94,2,3,2.666667,3.75,2.666667,3,3.5,4,3.666667,3.25,4,3.666667,3.25
95,0,2.666667,3,2.5,3,3,3,3,3,3,2.666667,3,2.5
95,1,2.666667,3,2.5,3,3,3,3,3,3,3,3,3
95,2,2.666667,3,2.5,3,3,3,3,3,3,3,3,3
96,0,4,4.666667,4,3,4.666667,4,3.333333,3.666667,4,4,4.666667,4
96,1,4,4.666667,4,3,4.666667,4,3.333333,3.666667,4,3,4.666667,4
96,2,4,4.666667,4,3,4.666667,4,3.333333,3.666667,4,3.333333,3.666667,4
97,0,1.333333,2,3,1,3,2.25,1.333333,2.666667,1.25,1.333333,2,3
97,1,1.333333,2,3,1,3,2.25,1.333333,2.666667,1.25,1,3,2.25
97,2,1.333333,2,3,1,3,2.25,1.333333,2.666667,1.25,1.333333,2.666667,1.25
98,0,1.333333,2.666667,1,3.333333,2.666667,2.75,3,2.333333,2.75,1.333333,2.666667,1
98,1,1.333333,2.666667,1,3.333333,2.666667,2.75,3,2.333333,2.75,3.333333,2.666667,2.75
98,2,1.333333,2.666667,1,3.333333,2.666667,2.75,3,2.333333,2.75,3,2.333333,2.75
99,0,2.333333,4.333333,2.75,3.666667,4,3,4,5,3.25,2.333333,4.333333,2.75
99,1,2.333333,4.333333,2.75,3.666667,4,3,4,5,3.25,3.666667,4,3
99,2,2.333333,4.333333,2.75,3.666667,4,3,4,5,3.25,4,5,3.25
100,0,4.333333,2.666667,3.25,4,3.333333,3.75,3,3,3,4.333333,2.666667,3.25
100,1,4.333333,2.666667,3.25,4,3.333333,3.75,3,3,3,4,3.333333,3.75
100,2,4.333333,2.666667,3.25,4,3.333333,3.75,3,3,3,3,3,3
101,0,3.333333,3.333333,3.25,3,1.333333,3,1,3.333333,1.5,3.333333,3.333333,3.25
101,1,3.333333,3.333333,3.25,3,1.333333,3,1,3.333333,1.5,3,1.333333,3
101,2,3.333333,3.333333,3.25,3,1.333333,3,1,3.333333,1.5,1,3.333333,1.5
102,0,3,3.333333,3,3.666667,3,3,3.333333,3.333333,3.5,3,3.333333,3
102,1,3,3.333333,3,3.666667,3,3,3.333333,3.333333,3.5,3.666667,3,3
102,2,3,3.333333,3,3.666667,3,3,3.333333,3.333333,3.5,3.333333,3.333333,3.5
103,0,2,3.666667,4,2.333333,3.666667,2,3.333333,3.666667,2.25,2,3.666667,4
103,1,2,3.666667,4,2.333333,3.666667,2,3.333333,3.666667,2.25,2.333333,3.666667,2
103,2,2,3.666667,4,2.333333,3.666667,2,3.333333,3.666667,2.25,3.333333,3.666667,2.25
104,0,999,999,999,2.666667,3,3,3,3,3, , , 
104,1,999,999,999,2.666667,3,3,3,3,3,2.666667,3,3
104,2,999,999,999,2.666667,3,3,3,3,3,3,3,3
105,0,3.333333,3,2.75,3.333333,3,3.5,3.333333,3.666667,3.5,3.333333,3,2.75
105,1,3.333333,3,2.75,3.333333,3,3.5,3.333333,3.666667,3.5,3.333333,3,3.5
105,2,3.333333,3,2.75,3.333333,3,3.5,3.333333,3.666667,3.5,3.333333,3.666667,3.5
106,0,2.333333,4,4, ,2.666667,3,3,3,3.25,2.333333,4,4
106,1,2.333333,4,4, ,2.666667,3,3,3,3.25, ,2.666667,3
106,2,2.333333,4,4, ,2.666667,3,3,3,3.25,3,3,3.25
107,0,4,4.666667,3.25, ,4,3.5,3.666667,4.333333,3.5,4,4.666667,3.25
107,1,4,4.666667,3.25, ,4,3.5,3.666667,4.333333,3.5, ,4,3.5
107,2,4,4.666667,3.25, ,4,3.5,3.666667,4.333333,3.5,3.666667,4.333333,3.5
108,0,999,999,999, , , , , , , , , 
108,1,999,999,999, , , , , , , , , 
108,2,999,999,999, , , , , , , , , 
109,0,3.666667,3.666667,4,3,3,4,3.333333,3.333333,4,3.666667,3.666667,4
109,1,3.666667,3.666667,4,3,3,4,3.333333,3.333333,4,3,3,4
109,2,3.666667,3.666667,4,3,3,4,3.333333,3.333333,4,3.333333,3.333333,4
110,0,2,4,2.25, , , , , , ,2,4,2.25
110,1,2,4,2.25, , , , , , , , , 
110,2,2,4,2.25, , , , , , , , , 
111,0,2.666667,3,2.5,3,2.666667,3,3,2.333333,2.5,2.666667,3,2.5
111,1,2.666667,3,2.5,3,2.666667,3,3,2.333333,2.5,3,2.666667,3
111,2,2.666667,3,2.5,3,2.666667,3,3,2.333333,2.5,3,2.333333,2.5
112,0,4,4,4,4,4,4,3,3,3,4,4,4
112,1,4,4,4,4,4,4,3,3,3,4,4,4
112,2,4,4,4,4,4,4,3,3,3,3,3,3
113,0,3.333333,3.333333,2.75,3.666667,3.666667,3,3.666667,3.666667,3.5,3.333333,3.333333,2.75
113,1,3.333333,3.333333,2.75,3.666667,3.666667,3,3.666667,3.666667,3.5,3.666667,3.666667,3
113,2,3.333333,3.333333,2.75,3.666667,3.666667,3,3.666667,3.666667,3.5,3.666667,3.666667,3.5
114,0,4.666667,3.666667,3.25,4.333333,4,3.5,3.666667,4,3.25,4.666667,3.666667,3.25
114,1,4.666667,3.666667,3.25,4.333333,4,3.5,3.666667,4,3.25,4.333333,4,3.5
114,2,4.666667,3.666667,3.25,4.333333,4,3.5,3.666667,4,3.25,3.666667,4,3.25
115,0,4.333333,3.333333,1.5,4.333333,3.666667,2,5,4.333333,2.25,4.333333,3.333333,1.5
115,1,4.333333,3.333333,1.5,4.333333,3.666667,2,5,4.333333,2.25,4.333333,3.666667,2
115,2,4.333333,3.333333,1.5,4.333333,3.666667,2,5,4.333333,2.25,5,4.333333,2.25
116,0,2.333333,2.333333,1.75,1.666667,2.333333,1.25,2,2.333333,1.25,2.333333,2.333333,1.75
116,1,2.333333,2.333333,1.75,1.666667,2.333333,1.25,2,2.333333,1.25,1.666667,2.333333,1.25
116,2,2.333333,2.333333,1.75,1.666667,2.333333,1.25,2,2.333333,1.25,2,2.333333,1.25
117,0,2,3.666667,2.25,2.333333,2.333333,2,1.333333,3,2.5,2,3.666667,2.25
117,1,2,3.666667,2.25,2.333333,2.333333,2,1.333333,3,2.5,2.333333,2.333333,2
117,2,2,3.666667,2.25,2.333333,2.333333,2,1.333333,3,2.5,1.333333,3,2.5
118,0,3.333333,3.333333,1.75,3,3.333333,1.25,3.333333,3,3,3.333333,3.333333,1.75
118,1,3.333333,3.333333,1.75,3,3.333333,1.25,3.333333,3,3,3,3.333333,1.25
118,2,3.333333,3.333333,1.75,3,3.333333,1.25,3.333333,3,3,3.333333,3,3
119,0,3.333333,4.333333,2.75,4.666667,5,3.5,4,4,4,3.333333,4.333333,2.75
119,1,3.333333,4.333333,2.75,4.666667,5,3.5,4,4,4,4.666667,5,3.5
119,2,3.333333,4.333333,2.75,4.666667,5,3.5,4,4,4,4,4,4
120,0,3.333333,3.666667,2.75,3,3,3,3.666667,3.666667,2.5,3.333333,3.666667,2.75
120,1,3.333333,3.666667,2.75,3,3,3,3.666667,3.666667,2.5,3,3,3
120,2,3.333333,3.666667,2.75,3,3,3,3.666667,3.666667,2.5,3.666667,3.666667,2.5
121,0,1,1,1.25,1.666667,2,2.5,3,3,3,1,1,1.25
121,1,1,1,1.25,1.666667,2,2.5,3,3,3,1.666667,2,2.5
121,2,1,1,1.25,1.666667,2,2.5,3,3,3,3,3,3
122,0,4,4,3.75,2,3.333333,4.25,3,3.333333,4,4,4,3.75
122,1,4,4,3.75,2,3.333333,4.25,3,3.333333,4,2,3.333333,4.25
122,2,4,4,3.75,2,3.333333,4.25,3,3.333333,4,3,3.333333,4
123,0,3.666667,4,3.75,3,3,3,4,4,4,3.666667,4,3.75
123,1,3.666667,4,3.75,3,3,3,4,4,4,3,3,3
123,2,3.666667,4,3.75,3,3,3,4,4,4,4,4,4
124,0,999,4.333333,3.75, , , , , , , ,4.333333,3.75
124,1,999,4.333333,3.75, , , , , , , , , 
124,2,999,4.333333,3.75, , , , , , , , , 
125,0,2,3,2.75,3.666667,3.666667,3.5,4,3.666667,2.75,2,3,2.75
125,1,2,3,2.75,3.666667,3.666667,3.5,4,3.666667,2.75,3.666667,3.666667,3.5
125,2,2,3,2.75,3.666667,3.666667,3.5,4,3.666667,2.75,4,3.666667,2.75
126,0,3,3.666667,3.25,4,4,3.75,3,3,3,3,3.666667,3.25
126,1,3,3.666667,3.25,4,4,3.75,3,3,3,4,4,3.75
126,2,3,3.666667,3.25,4,4,3.75,3,3,3,3,3,3
127,0,4,3.666667,3,4,3.333333,3,4,4,4,4,3.666667,3
127,1,4,3.666667,3,4,3.333333,3,4,4,4,4,3.333333,3
127,2,4,3.666667,3,4,3.333333,3,4,4,4,4,4,4
128,0,3.333333,3.333333,3,3,3.333333,2.25,3.333333,4,2.5,3.333333,3.333333,3
128,1,3.333333,3.333333,3,3,3.333333,2.25,3.333333,4,2.5,3,3.333333,2.25
128,2,3.333333,3.333333,3,3,3.333333,2.25,3.333333,4,2.5,3.333333,4,2.5
129,0,3.666667,5,2.5,4.333333,4.333333,2.75,4.666667,4.333333,3.25,3.666667,5,2.5
129,1,3.666667,5,2.5,4.333333,4.333333,2.75,4.666667,4.333333,3.25,4.333333,4.333333,2.75
129,2,3.666667,5,2.5,4.333333,4.333333,2.75,4.666667,4.333333,3.25,4.666667,4.333333,3.25
130,0,5,5,4, ,5,3,4,4.333333,3.75,5,5,4
130,1,5,5,4, ,5,3,4,4.333333,3.75, ,5,3
130,2,5,5,4, ,5,3,4,4.333333,3.75,4,4.333333,3.75
131,0,5,5,999,5,5,5,4.333333,4.333333,4,5,5, 
131,1,5,5,999,5,5,5,4.333333,4.333333,4,5,5,5
131,2,5,5,999,5,5,5,4.333333,4.333333,4,4.333333,4.333333,4
132,0,3,3.333333,1.25,4,4.333333,3.25,3.333333,5,1.5,3,3.333333,1.25
132,1,3,3.333333,1.25,4,4.333333,3.25,3.333333,5,1.5,4,4.333333,3.25
132,2,3,3.333333,1.25,4,4.333333,3.25,3.333333,5,1.5,3.333333,5,1.5
133,0,3.333333,4,3,3.666667,3.666667,4,3.666667,3.666667,4.25,3.333333,4,3
133,1,3.333333,4,3,3.666667,3.666667,4,3.666667,3.666667,4.25,3.666667,3.666667,4
133,2,3.333333,4,3,3.666667,3.666667,4,3.666667,3.666667,4.25,3.666667,3.666667,4.25
134,0,1.333333,2.666667,999, ,3.333333,2,4,4,4,1.333333,2.666667, 
134,1,1.333333,2.666667,999, ,3.333333,2,4,4,4, ,3.333333,2
134,2,1.333333,2.666667,999, ,3.333333,2,4,4,4,4,4,4
135,0,4,4,4,2.666667,2.666667,2.5,4,3.666667,4,4,4,4
135,1,4,4,4,2.666667,2.666667,2.5,4,3.666667,4,2.666667,2.666667,2.5
135,2,4,4,4,2.666667,2.666667,2.5,4,3.666667,4,4,3.666667,4
136,0,3,2.666667,2.75,4,3.333333,3.75,4,4,4,3,2.666667,2.75
136,1,3,2.666667,2.75,4,3.333333,3.75,4,4,4,4,3.333333,3.75
136,2,3,2.666667,2.75,4,3.333333,3.75,4,4,4,4,4,4
137,0,4,4,3,4,4,3.25,4.666667, ,2.75,4,4,3
137,1,4,4,3,4,4,3.25,4.666667, ,2.75,4,4,3.25
137,2,4,4,3,4,4,3.25,4.666667, ,2.75,4.666667, ,2.75
138,0,4.666667,5,2.75,4,4,2.5,3,3,2.75,4.666667,5,2.75
138,1,4.666667,5,2.75,4,4,2.5,3,3,2.75,4,4,2.5
138,2,4.666667,5,2.75,4,4,2.5,3,3,2.75,3,3,2.75
139,0,3,3.333333,2.25,4.333333,4,4.25,5,4.333333,4.25,3,3.333333,2.25
139,1,3,3.333333,2.25,4.333333,4,4.25,5,4.333333,4.25,4.333333,4,4.25
139,2,3,3.333333,2.25,4.333333,4,4.25,5,4.333333,4.25,5,4.333333,4.25
140,0,3.333333,3.333333,3,3.333333,4,3.5,4.333333,5,4.25,3.333333,3.333333,3
140,1,3.333333,3.333333,3,3.333333,4,3.5,4.333333,5,4.25,3.333333,4,3.5
140,2,3.333333,3.333333,3,3.333333,4,3.5,4.333333,5,4.25,4.333333,5,4.25
141,0,2.333333,2.333333,2.75,2.666667,2.666667,2.5,4,4,4,2.333333,2.333333,2.75
141,1,2.333333,2.333333,2.75,2.666667,2.666667,2.5,4,4,4,2.666667,2.666667,2.5
141,2,2.333333,2.333333,2.75,2.666667,2.666667,2.5,4,4,4,4,4,4
142,0,4.666667,4.333333,3,4.666667,4,4.5,4.666667,3,4.25,4.666667,4.333333,3
142,1,4.666667,4.333333,3,4.666667,4,4.5,4.666667,3,4.25,4.666667,4,4.5
142,2,4.666667,4.333333,3,4.666667,4,4.5,4.666667,3,4.25,4.666667,3,4.25
143,0,3.666667,4,3.5,3.666667,3.666667,3.75,3,3,3,3.666667,4,3.5
143,1,3.666667,4,3.5,3.666667,3.666667,3.75,3,3,3,3.666667,3.666667,3.75
143,2,3.666667,4,3.5,3.666667,3.666667,3.75,3,3,3,3,3,3
144,0,4,5,4,3.666667,4.666667,3.75,3.333333,4.333333,3.5,4,5,4
144,1,4,5,4,3.666667,4.666667,3.75,3.333333,4.333333,3.5,3.666667,4.666667,3.75
144,2,4,5,4,3.666667,4.666667,3.75,3.333333,4.333333,3.5,3.333333,4.333333,3.5
145,0,3.666667,3.333333,3.5, , , , , , ,3.666667,3.333333,3.5
145,1,3.666667,3.333333,3.5, , , , , , , , , 
145,2,3.666667,3.333333,3.5, , , , , , , , , 
146,0,4,4,3,4,4,3.25,3.666667,4,3.5,4,4,3
146,1,4,4,3,4,4,3.25,3.666667,4,3.5,4,4,3.25
146,2,4,4,3,4,4,3.25,3.666667,4,3.5,3.666667,4,3.5
147,0,3.333333,3.666667,2.25,4,3.666667,3.5,3.333333,3.333333,3,3.333333,3.666667,2.25
147,1,3.333333,3.666667,2.25,4,3.666667,3.5,3.333333,3.333333,3,4,3.666667,3.5
147,2,3.333333,3.666667,2.25,4,3.666667,3.5,3.333333,3.333333,3,3.333333,3.333333,3
148,0,4,4,4,3.333333,3.666667,3.75, , ,3.5,4,4,4
148,1,4,4,4,3.333333,3.666667,3.75, , ,3.5,3.333333,3.666667,3.75
148,2,4,4,4,3.333333,3.666667,3.75, , ,3.5, , ,3.5
149,0,3.666667,4,3,3,3,3,4,4,4,3.666667,4,3
149,1,3.666667,4,3,3,3,3,4,4,4,3,3,3
149,2,3.666667,4,3,3,3,3,4,4,4,4,4,4
150,0,4.333333,3.666667,2.75,4,2.666667,3.25,4,3,3.25,4.333333,3.666667,2.75
150,1,4.333333,3.666667,2.75,4,2.666667,3.25,4,3,3.25,4,2.666667,3.25
150,2,4.333333,3.666667,2.75,4,2.666667,3.25,4,3,3.25,4,3,3.25
151,0,4,3.333333,3,4,4,3.5,4,4, ,4,3.333333,3
151,1,4,3.333333,3,4,4,3.5,4,4, ,4,4,3.5
151,2,4,3.333333,3,4,4,3.5,4,4, ,4,4, 
152,0,5,5,4.5,4.666667,5,5,4,4.666667,5,5,5,4.5
152,1,5,5,4.5,4.666667,5,5,4,4.666667,5,4.666667,5,5
152,2,5,5,4.5,4.666667,5,5,4,4.666667,5,4,4.666667,5
153,0,4,4,3.75,3.666667,3.333333,3.25,3,3,3,4,4,3.75
153,1,4,4,3.75,3.666667,3.333333,3.25,3,3,3,3.666667,3.333333,3.25
153,2,4,4,3.75,3.666667,3.333333,3.25,3,3,3,3,3,3
154,0,4,4.333333,2.75,4.333333,4.333333,3.25,4.333333,4.333333,2.75,4,4.333333,2.75
154,1,4,4.333333,2.75,4.333333,4.333333,3.25,4.333333,4.333333,2.75,4.333333,4.333333,3.25
154,2,4,4.333333,2.75,4.333333,4.333333,3.25,4.333333,4.333333,2.75,4.333333,4.333333,2.75
155,0,4,4,3.75,3,3,3,4,4,4,4,4,3.75
155,1,4,4,3.75,3,3,3,4,4,4,3,3,3
155,2,4,4,3.75,3,3,3,4,4,4,4,4,4
156,0,1,4,2.5,1,1,1.25,4,3.333333,3.5,1,4,2.5
156,1,1,4,2.5,1,1,1.25,4,3.333333,3.5,1,1,1.25
156,2,1,4,2.5,1,1,1.25,4,3.333333,3.5,4,3.333333,3.5
157,0,4.666667,4.666667,999,3.333333,4,3.75,4.333333,4.666667,3.75,4.666667,4.666667, 
157,1,4.666667,4.666667,999,3.333333,4,3.75,4.333333,4.666667,3.75,3.333333,4,3.75
157,2,4.666667,4.666667,999,3.333333,4,3.75,4.333333,4.666667,3.75,4.333333,4.666667,3.75
158,0,1,1,1,5,5,5,4.333333,3.666667,4,1,1,1
158,1,1,1,1,5,5,5,4.333333,3.666667,4,5,5,5
158,2,1,1,1,5,5,5,4.333333,3.666667,4,4.333333,3.666667,4
159,0,4,4,3,3,3,2,3.333333,3,2.5,4,4,3
159,1,4,4,3,3,3,2,3.333333,3,2.5,3,3,2
159,2,4,4,3,3,3,2,3.333333,3,2.5,3.333333,3,2.5
160,0,4,4.333333,3,4,4.333333,3.5,3.666667,3.666667,4,4,4.333333,3
160,1,4,4.333333,3,4,4.333333,3.5,3.666667,3.666667,4,4,4.333333,3.5
160,2,4,4.333333,3,4,4.333333,3.5,3.666667,3.666667,4,3.666667,3.666667,4
161,0,3.666667,2.666667,3,4,2.666667,3.25, , ,2.75,3.666667,2.666667,3
161,1,3.666667,2.666667,3,4,2.666667,3.25, , ,2.75,4,2.666667,3.25
161,2,3.666667,2.666667,3,4,2.666667,3.25, , ,2.75, , ,2.75
162,0,4.333333,5,2.75,4.666667,5,4,4.333333,4.666667,4,4.333333,5,2.75
162,1,4.333333,5,2.75,4.666667,5,4,4.333333,4.666667,4,4.666667,5,4
162,2,4.333333,5,2.75,4.666667,5,4,4.333333,4.666667,4,4.333333,4.666667,4
163,0,3,4,3.25,1.333333,3.666667,3.25,3.666667,4.666667,3.5,3,4,3.25
163,1,3,4,3.25,1.333333,3.666667,3.25,3.666667,4.666667,3.5,1.333333,3.666667,3.25
163,2,3,4,3.25,1.333333,3.666667,3.25,3.666667,4.666667,3.5,3.666667,4.666667,3.5
164,0,2.666667,5,4,1.666667,4,3.5,1.666667,4,3.75,2.666667,5,4
164,1,2.666667,5,4,1.666667,4,3.5,1.666667,4,3.75,1.666667,4,3.5
164,2,2.666667,5,4,1.666667,4,3.5,1.666667,4,3.75,1.666667,4,3.75
165,0,2.333333,5,4.25,4.333333,4,3.5,4.666667,5,4.75,2.333333,5,4.25
165,1,2.333333,5,4.25,4.333333,4,3.5,4.666667,5,4.75,4.333333,4,3.5
165,2,2.333333,5,4.25,4.333333,4,3.5,4.666667,5,4.75,4.666667,5,4.75
166,0,1.666667,4.666667,2.75,2.333333,4.666667,2.25,3,3,3,1.666667,4.666667,2.75
166,1,1.666667,4.666667,2.75,2.333333,4.666667,2.25,3,3,3,2.333333,4.666667,2.25
166,2,1.666667,4.666667,2.75,2.333333,4.666667,2.25,3,3,3,3,3,3
167,0,2.666667,2.666667,2.5,2.333333,3.333333,2.25,3,3,3,2.666667,2.666667,2.5
167,1,2.666667,2.666667,2.5,2.333333,3.333333,2.25,3,3,3,2.333333,3.333333,2.25
167,2,2.666667,2.666667,2.5,2.333333,3.333333,2.25,3,3,3,3,3,3
168,0,4,4.333333,3,4,4.666667,2.5,4.333333,5,2.75,4,4.333333,3
168,1,4,4.333333,3,4,4.666667,2.5,4.333333,5,2.75,4,4.666667,2.5
168,2,4,4.333333,3,4,4.666667,2.5,4.333333,5,2.75,4.333333,5,2.75
169,0,4,4,4,4, , ,4,3, ,4,4,4
169,1,4,4,4,4, , ,4,3, ,4, , 
169,2,4,4,4,4, , ,4,3, ,4,3, 
170,0,2.666667,3.666667,2, , , ,3,2.333333,1.25,2.666667,3.666667,2
170,1,2.666667,3.666667,2, , , ,3,2.333333,1.25, , , 
170,2,2.666667,3.666667,2, , , ,3,2.333333,1.25,3,2.333333,1.25
171,0,3.666667,4,3.25,4,4.333333,3.5, , , ,3.666667,4,3.25
171,1,3.666667,4,3.25,4,4.333333,3.5, , , ,4,4.333333,3.5
171,2,3.666667,4,3.25,4,4.333333,3.5, , , , , , 
172,0,3.666667,5,3.75,2.333333,4.666667,2.75,3,4.666667,3.5,3.666667,5,3.75
172,1,3.666667,5,3.75,2.333333,4.666667,2.75,3,4.666667,3.5,2.333333,4.666667,2.75
172,2,3.666667,5,3.75,2.333333,4.666667,2.75,3,4.666667,3.5,3,4.666667,3.5
173,0,2.666667,1.333333,1.75,3,3.666667, ,3,3,3,2.666667,1.333333,1.75
173,1,2.666667,1.333333,1.75,3,3.666667, ,3,3,3,3,3.666667, 
173,2,2.666667,1.333333,1.75,3,3.666667, ,3,3,3,3,3,3
174,0,3,1.666667,2,2.666667,2.666667,3.25,3.333333,2.333333,2.25,3,1.666667,2
174,1,3,1.666667,2,2.666667,2.666667,3.25,3.333333,2.333333,2.25,2.666667,2.666667,3.25
174,2,3,1.666667,2,2.666667,2.666667,3.25,3.333333,2.333333,2.25,3.333333,2.333333,2.25
175,0,4,4.666667,2.5,3.666667,4.666667,1.75,4.666667,4.666667,2,4,4.666667,2.5
175,1,4,4.666667,2.5,3.666667,4.666667,1.75,4.666667,4.666667,2,3.666667,4.666667,1.75
175,2,4,4.666667,2.5,3.666667,4.666667,1.75,4.666667,4.666667,2,4.666667,4.666667,2
176,0,999,999,999,1,1,1,4,4,4, , , 
176,1,999,999,999,1,1,1,4,4,4,1,1,1
176,2,999,999,999,1,1,1,4,4,4,4,4,4
177,0,4,4,4,3.666667,3.666667,3.5,3,4,3.25,4,4,4
177,1,4,4,4,3.666667,3.666667,3.5,3,4,3.25,3.666667,3.666667,3.5
177,2,4,4,4,3.666667,3.666667,3.5,3,4,3.25,3,4,3.25
178,0,2.333333,3.666667,3.75,2.666667,4,3.75,1,2.333333,1.5,2.333333,3.666667,3.75
178,1,2.333333,3.666667,3.75,2.666667,4,3.75,1,2.333333,1.5,2.666667,4,3.75
178,2,2.333333,3.666667,3.75,2.666667,4,3.75,1,2.333333,1.5,1,2.333333,1.5
179,0,3,3.666667,2.5,3.333333,3.666667,3,4,4,3.5,3,3.666667,2.5
179,1,3,3.666667,2.5,3.333333,3.666667,3,4,4,3.5,3.333333,3.666667,3
179,2,3,3.666667,2.5,3.333333,3.666667,3,4,4,3.5,4,4,3.5
180,0,4,4.333333,4.5,4,4,4,2.666667,4,4,4,4.333333,4.5
180,1,4,4.333333,4.5,4,4,4,2.666667,4,4,4,4,4
180,2,4,4.333333,4.5,4,4,4,2.666667,4,4,2.666667,4,4
181,0,3.333333,3.333333,3.5,2.666667,3,3,2.333333,3,3,3.333333,3.333333,3.5
181,1,3.333333,3.333333,3.5,2.666667,3,3,2.333333,3,3,2.666667,3,3
181,2,3.333333,3.333333,3.5,2.666667,3,3,2.333333,3,3,2.333333,3,3
182,0,3.333333,3.666667,3.5,3.333333,3.666667,3.75,3.333333,3.666667,4.5,3.333333,3.666667,3.5
182,1,3.333333,3.666667,3.5,3.333333,3.666667,3.75,3.333333,3.666667,4.5,3.333333,3.666667,3.75
182,2,3.333333,3.666667,3.5,3.333333,3.666667,3.75,3.333333,3.666667,4.5,3.333333,3.666667,4.5
183,0,4,4,4,4,3.666667,3.75,3,3,3,4,4,4
183,1,4,4,4,4,3.666667,3.75,3,3,3,4,3.666667,3.75
183,2,4,4,4,4,3.666667,3.75,3,3,3,3,3,3
184,0,3.333333,4,3.5, , , ,4,4.666667,4,3.333333,4,3.5
184,1,3.333333,4,3.5, , , ,4,4.666667,4, , , 
184,2,3.333333,4,3.5, , , ,4,4.666667,4,4,4.666667,4
185,0,4.333333,4.666667,4,3,3,3,4.666667,5,4.25,4.333333,4.666667,4
185,1,4.333333,4.666667,4,3,3,3,4.666667,5,4.25,3,3,3
185,2,4.333333,4.666667,4,3,3,3,4.666667,5,4.25,4.666667,5,4.25
186,0,999,4,4,2.333333,3,4,4,3.333333,4, ,4,4
186,1,999,4,4,2.333333,3,4,4,3.333333,4,2.333333,3,4
186,2,999,4,4,2.333333,3,4,4,3.333333,4,4,3.333333,4
187,0,4.666667,4.333333,3.25, , , ,3.666667,3.666667,3,4.666667,4.333333,3.25
187,1,4.666667,4.333333,3.25, , , ,3.666667,3.666667,3, , , 
187,2,4.666667,4.333333,3.25, , , ,3.666667,3.666667,3,3.666667,3.666667,3
188,0,3.666667,3.666667,4,3.333333,3,3.5,1.333333,2,3,3.666667,3.666667,4
188,1,3.666667,3.666667,4,3.333333,3,3.5,1.333333,2,3,3.333333,3,3.5
188,2,3.666667,3.666667,4,3.333333,3,3.5,1.333333,2,3,1.333333,2,3
189,0,4,4.333333,2,4,3.666667,3.25,4,3.333333,1,4,4.333333,2
189,1,4,4.333333,2,4,3.666667,3.25,4,3.333333,1,4,3.666667,3.25
189,2,4,4.333333,2,4,3.666667,3.25,4,3.333333,1,4,3.333333,1
190,0,999,999,999,3,4.666667,3,3,3.666667,2, , , 
190,1,999,999,999,3,4.666667,3,3,3.666667,2,3,4.666667,3
190,2,999,999,999,3,4.666667,3,3,3.666667,2,3,3.666667,2
191,0,999,999,999,2.333333,3,2.5, , , , , , 
191,1,999,999,999,2.333333,3,2.5, , , ,2.333333,3,2.5
191,2,999,999,999,2.333333,3,2.5, , , , , , 
192,0,4,4,3.75,3.333333,3.666667,3.25,2.666667,3.333333,3.5,4,4,3.75
192,1,4,4,3.75,3.333333,3.666667,3.25,2.666667,3.333333,3.5,3.333333,3.666667,3.25
192,2,4,4,3.75,3.333333,3.666667,3.25,2.666667,3.333333,3.5,2.666667,3.333333,3.5
193,0,999,2.666667,999,1.666667,4.666667,3,3.666667,3,2.5, ,2.666667, 
193,1,999,2.666667,999,1.666667,4.666667,3,3.666667,3,2.5,1.666667,4.666667,3
193,2,999,2.666667,999,1.666667,4.666667,3,3.666667,3,2.5,3.666667,3,2.5
194,0,3.333333,3.333333,3,3.333333,3,3,3,3,3,3.333333,3.333333,3
194,1,3.333333,3.333333,3,3.333333,3,3,3,3,3,3.333333,3,3
194,2,3.333333,3.333333,3,3.333333,3,3,3,3,3,3,3,3
195,0,4,5,4,3,4,3.5,1.333333,2.666667,3.75,4,5,4
195,1,4,5,4,3,4,3.5,1.333333,2.666667,3.75,3,4,3.5
195,2,4,5,4,3,4,3.5,1.333333,2.666667,3.75,1.333333,2.666667,3.75
196,0,4,3.333333,2.75,3.333333,2.666667,3.75,3.666667,3.333333,3.25,4,3.333333,2.75
196,1,4,3.333333,2.75,3.333333,2.666667,3.75,3.666667,3.333333,3.25,3.333333,2.666667,3.75
196,2,4,3.333333,2.75,3.333333,2.666667,3.75,3.666667,3.333333,3.25,3.666667,3.333333,3.25
197,0,1,4,2.75,1.333333,3.666667,2.25,1.666667,5,4.25,1,4,2.75
197,1,1,4,2.75,1.333333,3.666667,2.25,1.666667,5,4.25,1.333333,3.666667,2.25
197,2,1,4,2.75,1.333333,3.666667,2.25,1.666667,5,4.25,1.666667,5,4.25
198,0,3.666667,3,3.25,4,3.333333,3.5,4.333333,2.666667,4,3.666667,3,3.25
198,1,3.666667,3,3.25,4,3.333333,3.5,4.333333,2.666667,4,4,3.333333,3.5
198,2,3.666667,3,3.25,4,3.333333,3.5,4.333333,2.666667,4,4.333333,2.666667,4
199,0,4.333333,4.333333,3,4,4,4,4,4,4,4.333333,4.333333,3
199,1,4.333333,4.333333,3,4,4,4,4,4,4,4,4,4
199,2,4.333333,4.333333,3,4,4,4,4,4,4,4,4,4
200,0,3.666667,3,2.5,3.333333,2.666667,2.25,3,3.333333,3,3.666667,3,2.5
200,1,3.666667,3,2.5,3.333333,2.666667,2.25,3,3.333333,3,3.333333,2.666667,2.25
200,2,3.666667,3,2.5,3.333333,2.666667,2.25,3,3.333333,3,3,3.333333,3
201,0,3.333333,4.666667,3,4,4.666667,3.75,4,4.333333,3.25,3.333333,4.666667,3
201,1,3.333333,4.666667,3,4,4.666667,3.75,4,4.333333,3.25,4,4.666667,3.75
201,2,3.333333,4.666667,3,4,4.666667,3.75,4,4.333333,3.25,4,4.333333,3.25
202,0,1.333333,3.333333,2.5,2,2.333333,2.75,4.333333,3,4.5,1.333333,3.333333,2.5
202,1,1.333333,3.333333,2.5,2,2.333333,2.75,4.333333,3,4.5,2,2.333333,2.75
202,2,1.333333,3.333333,2.5,2,2.333333,2.75,4.333333,3,4.5,4.333333,3,4.5
203,0,4.666667,3.333333,3.5,2,2.333333,2.75,1.666667,3.333333,1.75,4.666667,3.333333,3.5
203,1,4.666667,3.333333,3.5,2,2.333333,2.75,1.666667,3.333333,1.75,2,2.333333,2.75
203,2,4.666667,3.333333,3.5,2,2.333333,2.75,1.666667,3.333333,1.75,1.666667,3.333333,1.75
204,0,1.666667,3,2.75,3,3,3,3,3.666667,3,1.666667,3,2.75
204,1,1.666667,3,2.75,3,3,3,3,3.666667,3,3,3,3
204,2,1.666667,3,2.75,3,3,3,3,3.666667,3,3,3.666667,3
205,0,3.333333,4.333333,4,3.666667,4.333333,2,1,3.333333,1,3.333333,4.333333,4
205,1,3.333333,4.333333,4,3.666667,4.333333,2,1,3.333333,1,3.666667,4.333333,2
205,2,3.333333,4.333333,4,3.666667,4.333333,2,1,3.333333,1,1,3.333333,1
206,0,2,1.333333,1.75,3.666667,2.666667,2.75, ,2.666667,3.5,2,1.333333,1.75
206,1,2,1.333333,1.75,3.666667,2.666667,2.75, ,2.666667,3.5,3.666667,2.666667,2.75
206,2,2,1.333333,1.75,3.666667,2.666667,2.75, ,2.666667,3.5, ,2.666667,3.5
207,0,3,1.666667,2.5,3.666667,2.333333,2.75,3.666667,3,2.25,3,1.666667,2.5
207,1,3,1.666667,2.5,3.666667,2.333333,2.75,3.666667,3,2.25,3.666667,2.333333,2.75
207,2,3,1.666667,2.5,3.666667,2.333333,2.75,3.666667,3,2.25,3.666667,3,2.25
208,0,2.666667,3.666667,3, ,3, ,3,3,3,2.666667,3.666667,3
208,1,2.666667,3.666667,3, ,3, ,3,3,3, ,3, 
208,2,2.666667,3.666667,3, ,3, ,3,3,3,3,3,3
209,0,3,3.666667,999,3.333333,3.333333,2.75,2.333333,3.333333,2.75,3,3.666667, 
209,1,3,3.666667,999,3.333333,3.333333,2.75,2.333333,3.333333,2.75,3.333333,3.333333,2.75
209,2,3,3.666667,999,3.333333,3.333333,2.75,2.333333,3.333333,2.75,2.333333,3.333333,2.75
210,0,4,4,4,4,4,3, ,4,4,4,4,4
210,1,4,4,4,4,4,3, ,4,4,4,4,3
210,2,4,4,4,4,4,3, ,4,4, ,4,4
211,0,3.666667,4.333333,2.75,4,3.666667,2.75,3.666667,3.333333,4,3.666667,4.333333,2.75
211,1,3.666667,4.333333,2.75,4,3.666667,2.75,3.666667,3.333333,4,4,3.666667,2.75
211,2,3.666667,4.333333,2.75,4,3.666667,2.75,3.666667,3.333333,4,3.666667,3.333333,4
212,0,4,4.666667,4.25,4.333333,4.333333,4.25,4.333333,4.666667,4.25,4,4.666667,4.25
212,1,4,4.666667,4.25,4.333333,4.333333,4.25,4.333333,4.666667,4.25,4.333333,4.333333,4.25
212,2,4,4.666667,4.25,4.333333,4.333333,4.25,4.333333,4.666667,4.25,4.333333,4.666667,4.25
213,0,1.666667,2,1.5,3.333333,2.666667,3.5,5,5,4.75,1.666667,2,1.5
213,1,1.666667,2,1.5,3.333333,2.666667,3.5,5,5,4.75,3.333333,2.666667,3.5
213,2,1.666667,2,1.5,3.333333,2.666667,3.5,5,5,4.75,5,5,4.75
214,0,4,4,3.25,4,4.666667,4,4.333333,3.666667,3.5,4,4,3.25
214,1,4,4,3.25,4,4.666667,4,4.333333,3.666667,3.5,4,4.666667,4
214,2,4,4,3.25,4,4.666667,4,4.333333,3.666667,3.5,4.333333,3.666667,3.5
215,0,4,4,3.75,4,4,4,3.333333,3.666667,3.25,4,4,3.75
215,1,4,4,3.75,4,4,4,3.333333,3.666667,3.25,4,4,4
215,2,4,4,3.75,4,4,4,3.333333,3.666667,3.25,3.333333,3.666667,3.25
216,0,3,3,3.25,3.666667,3.666667,2.5,3.666667,3.666667,2.5,3,3,3.25
216,1,3,3,3.25,3.666667,3.666667,2.5,3.666667,3.666667,2.5,3.666667,3.666667,2.5
216,2,3,3,3.25,3.666667,3.666667,2.5,3.666667,3.666667,2.5,3.666667,3.666667,2.5
217,0,2.666667,2.666667,2.75,1,1,1, , , ,2.666667,2.666667,2.75
217,1,2.666667,2.666667,2.75,1,1,1, , , ,1,1,1
217,2,2.666667,2.666667,2.75,1,1,1, , , , , , 
218,0,4,5,3.5,4,3.333333,3.75,4,4.333333,4,4,5,3.5
218,1,4,5,3.5,4,3.333333,3.75,4,4.333333,4,4,3.333333,3.75
218,2,4,5,3.5,4,3.333333,3.75,4,4.333333,4,4,4.333333,4
219,0,2,1.666667,3.75,3.333333,4,3.25,2.333333,3.333333,4,2,1.666667,3.75
219,1,2,1.666667,3.75,3.333333,4,3.25,2.333333,3.333333,4,3.333333,4,3.25
219,2,2,1.666667,3.75,3.333333,4,3.25,2.333333,3.333333,4,2.333333,3.333333,4
220,0,3.333333,2.666667,3,4,4,4,4,3.333333,3.5,3.333333,2.666667,3
220,1,3.333333,2.666667,3,4,4,4,4,3.333333,3.5,4,4,4
220,2,3.333333,2.666667,3,4,4,4,4,3.333333,3.5,4,3.333333,3.5
221,0,2.666667,3,3,3.666667,4,4.25,2.666667,3,2.75,2.666667,3,3
221,1,2.666667,3,3,3.666667,4,4.25,2.666667,3,2.75,3.666667,4,4.25
221,2,2.666667,3,3,3.666667,4,4.25,2.666667,3,2.75,2.666667,3,2.75
222,0,4.666667,5,3.75,5,5,4.5,5,5,5,4.666667,5,3.75
222,1,4.666667,5,3.75,5,5,4.5,5,5,5,5,5,4.5
222,2,4.666667,5,3.75,5,5,4.5,5,5,5,5,5,5
223,0,1.666667,3.333333,2.75,3.333333,3,3.25,3,3,3.25,1.666667,3.333333,2.75
223,1,1.666667,3.333333,2.75,3.333333,3,3.25,3,3,3.25,3.333333,3,3.25
223,2,1.666667,3.333333,2.75,3.333333,3,3.25,3,3,3.25,3,3,3.25
224,0,3,3.333333,4,2.333333,3,2.5,3.666667,2.333333,3,3,3.333333,4
224,1,3,3.333333,4,2.333333,3,2.5,3.666667,2.333333,3,2.333333,3,2.5
224,2,3,3.333333,4,2.333333,3,2.5,3.666667,2.333333,3,3.666667,2.333333,3
225,0,3.333333,4.666667,1.25, ,1.333333,1.25,2.333333,3.333333,2,3.333333,4.666667,1.25
225,1,3.333333,4.666667,1.25, ,1.333333,1.25,2.333333,3.333333,2, ,1.333333,1.25
225,2,3.333333,4.666667,1.25, ,1.333333,1.25,2.333333,3.333333,2,2.333333,3.333333,2
226,0,3,3.666667,3.25,3.666667,3.666667,3.75,4,4,4,3,3.666667,3.25
226,1,3,3.666667,3.25,3.666667,3.666667,3.75,4,4,4,3.666667,3.666667,3.75
226,2,3,3.666667,3.25,3.666667,3.666667,3.75,4,4,4,4,4,4
227,0,4.666667,4.666667,3.5,5,4.666667,4.75,4.666667,4.333333,4.75,4.666667,4.666667,3.5
227,1,4.666667,4.666667,3.5,5,4.666667,4.75,4.666667,4.333333,4.75,5,4.666667,4.75
227,2,4.666667,4.666667,3.5,5,4.666667,4.75,4.666667,4.333333,4.75,4.666667,4.333333,4.75
228,0,4,4,4,2.666667,3.333333,3.75,3.333333,3.333333,3.5,4,4,4
228,1,4,4,4,2.666667,3.333333,3.75,3.333333,3.333333,3.5,2.666667,3.333333,3.75
228,2,4,4,4,2.666667,3.333333,3.75,3.333333,3.333333,3.5,3.333333,3.333333,3.5
229,0,3,3.666667,2.5,2.333333,3.333333,2.5,3,3.333333,2.75,3,3.666667,2.5
229,1,3,3.666667,2.5,2.333333,3.333333,2.5,3,3.333333,2.75,2.333333,3.333333,2.5
229,2,3,3.666667,2.5,2.333333,3.333333,2.5,3,3.333333,2.75,3,3.333333,2.75
230,0,2.666667,3,2.25,1.666667,3,3,2.333333,3,2.75,2.666667,3,2.25
230,1,2.666667,3,2.25,1.666667,3,3,2.333333,3,2.75,1.666667,3,3
230,2,2.666667,3,2.25,1.666667,3,3,2.333333,3,2.75,2.333333,3,2.75
231,0,2,4,3.5,1.666667,4.333333,2.25,1,4,3,2,4,3.5
231,1,2,4,3.5,1.666667,4.333333,2.25,1,4,3,1.666667,4.333333,2.25
231,2,2,4,3.5,1.666667,4.333333,2.25,1,4,3,1,4,3
232,0,2.666667,4.666667,3.25,3.333333,4.666667,3.5,2,3.333333,4.5,2.666667,4.666667,3.25
232,1,2.666667,4.666667,3.25,3.333333,4.666667,3.5,2,3.333333,4.5,3.333333,4.666667,3.5
232,2,2.666667,4.666667,3.25,3.333333,4.666667,3.5,2,3.333333,4.5,2,3.333333,4.5
233,0,2.333333,3.333333,2,1,3,2, , , ,2.333333,3.333333,2
233,1,2.333333,3.333333,2,1,3,2, , , ,1,3,2
233,2,2.333333,3.333333,2,1,3,2, , , , , , 
234,0,4,4,4,3.333333,4,3.5,3,3.333333,1.5,4,4,4
234,1,4,4,4,3.333333,4,3.5,3,3.333333,1.5,3.333333,4,3.5
234,2,4,4,4,3.333333,4,3.5,3,3.333333,1.5,3,3.333333,1.5
235,0,4,4.666667,3,4.333333,4.333333,3.75,4,4,4,4,4.666667,3
235,1,4,4.666667,3,4.333333,4.333333,3.75,4,4,4,4.333333,4.333333,3.75
235,2,4,4.666667,3,4.333333,4.333333,3.75,4,4,4,4,4,4
236,0,3.333333,3.666667,2,4,3.666667,2.5,4, ,3.75,3.333333,3.666667,2
236,1,3.333333,3.666667,2,4,3.666667,2.5,4, ,3.75,4,3.666667,2.5
236,2,3.333333,3.666667,2,4,3.666667,2.5,4, ,3.75,4, ,3.75
237,0,4,3,2.75,3.666667,2.666667,2,2.666667,2.666667,2,4,3,2.75
237,1,4,3,2.75,3.666667,2.666667,2,2.666667,2.666667,2,3.666667,2.666667,2
237,2,4,3,2.75,3.666667,2.666667,2,2.666667,2.666667,2,2.666667,2.666667,2
238,0,3.666667,4,3.25,4,4,3.75,3.666667,5,3.25,3.666667,4,3.25
238,1,3.666667,4,3.25,4,4,3.75,3.666667,5,3.25,4,4,3.75
238,2,3.666667,4,3.25,4,4,3.75,3.666667,5,3.25,3.666667,5,3.25
239,0,3,3.666667,2.75,3,3,3,1.666667,4,1.25,3,3.666667,2.75
239,1,3,3.666667,2.75,3,3,3,1.666667,4,1.25,3,3,3
239,2,3,3.666667,2.75,3,3,3,1.666667,4,1.25,1.666667,4,1.25
240,0,3,1.666667,3.5, ,4,3.25,3,4,3.75,3,1.666667,3.5
240,1,3,1.666667,3.5, ,4,3.25,3,4,3.75, ,4,3.25
240,2,3,1.666667,3.5, ,4,3.25,3,4,3.75,3,4,3.75
241,0,3.666667,4,4,3,3,3,3,2.666667,2.5,3.666667,4,4
241,1,3.666667,4,4,3,3,3,3,2.666667,2.5,3,3,3
241,2,3.666667,4,4,3,3,3,3,2.666667,2.5,3,2.666667,2.5
242,0,1,3,1.5,1,5,3,3,3,3,1,3,1.5
242,1,1,3,1.5,1,5,3,3,3,3,1,5,3
242,2,1,3,1.5,1,5,3,3,3,3,3,3,3
243,0,4,4,3,4,5,2.75,4.666667,5,3,4,4,3
243,1,4,4,3,4,5,2.75,4.666667,5,3,4,5,2.75
243,2,4,4,3,4,5,2.75,4.666667,5,3,4.666667,5,3
244,0,3,3,3,2.333333,1.333333,2.75,3,3,3,3,3,3
244,1,3,3,3,2.333333,1.333333,2.75,3,3,3,2.333333,1.333333,2.75
244,2,3,3,3,2.333333,1.333333,2.75,3,3,3,3,3,3
245,0,3.666667,3,4.25,3.666667,3.666667,4,4,3.666667,4.25,3.666667,3,4.25
245,1,3.666667,3,4.25,3.666667,3.666667,4,4,3.666667,4.25,3.666667,3.666667,4
245,2,3.666667,3,4.25,3.666667,3.666667,4,4,3.666667,4.25,4,3.666667,4.25
246,0,3,2.333333,1.5,1,1,1,2.333333,1.666667,2.5,3,2.333333,1.5
246,1,3,2.333333,1.5,1,1,1,2.333333,1.666667,2.5,1,1,1
246,2,3,2.333333,1.5,1,1,1,2.333333,1.666667,2.5,2.333333,1.666667,2.5
247,0,1.666667,3.666667,1,4,4,3,3.333333,4,3.5,1.666667,3.666667,1
247,1,1.666667,3.666667,1,4,4,3,3.333333,4,3.5,4,4,3
247,2,1.666667,3.666667,1,4,4,3,3.333333,4,3.5,3.333333,4,3.5
248,0,2,4,2.5,3.333333,4,4,3.333333,3.333333,3.5,2,4,2.5
248,1,2,4,2.5,3.333333,4,4,3.333333,3.333333,3.5,3.333333,4,4
248,2,2,4,2.5,3.333333,4,4,3.333333,3.333333,3.5,3.333333,3.333333,3.5
249,0,4,4.666667,2.5,4,4,4,3.666667,4,3.25,4,4.666667,2.5
249,1,4,4.666667,2.5,4,4,4,3.666667,4,3.25,4,4,4
249,2,4,4.666667,2.5,4,4,4,3.666667,4,3.25,3.666667,4,3.25
250,0,2.666667,2.666667,2.25,3.333333,3.333333,3,3,3,3,2.666667,2.666667,2.25
250,1,2.666667,2.666667,2.25,3.333333,3.333333,3,3,3,3,3.333333,3.333333,3
250,2,2.666667,2.666667,2.25,3.333333,3.333333,3,3,3,3,3,3,3
251,0,2,3.333333,2.75,1.666667,3.333333,2,1.333333,3.333333,2,2,3.333333,2.75
251,1,2,3.333333,2.75,1.666667,3.333333,2,1.333333,3.333333,2,1.666667,3.333333,2
251,2,2,3.333333,2.75,1.666667,3.333333,2,1.333333,3.333333,2,1.333333,3.333333,2
252,0,3.666667,3.666667,3.75,2.666667,3,3, , , ,3.666667,3.666667,3.75
252,1,3.666667,3.666667,3.75,2.666667,3,3, , , ,2.666667,3,3
252,2,3.666667,3.666667,3.75,2.666667,3,3, , , , , , 
253,0,3,999,3,3.333333,4,3.5,3.666667,4.333333,3.25,3, ,3
253,1,3,999,3,3.333333,4,3.5,3.666667,4.333333,3.25,3.333333,4,3.5
253,2,3,999,3,3.333333,4,3.5,3.666667,4.333333,3.25,3.666667,4.333333,3.25
254,0,4,4,4.25,4.666667,4,4.25,4,4,3.75,4,4,4.25
254,1,4,4,4.25,4.666667,4,4.25,4,4,3.75,4.666667,4,4.25
254,2,4,4,4.25,4.666667,4,4.25,4,4,3.75,4,4,3.75
255,0,4,3,3.25,3.333333,3.333333,3, , , ,4,3,3.25
255,1,4,3,3.25,3.333333,3.333333,3, , , ,3.333333,3.333333,3
255,2,4,3,3.25,3.333333,3.333333,3, , , , , , 
256,0,3,3.333333,3.25,4.333333,2.666667,2.25,3.333333,3.333333,2.5,3,3.333333,3.25
256,1,3,3.333333,3.25,4.333333,2.666667,2.25,3.333333,3.333333,2.5,4.333333,2.666667,2.25
256,2,3,3.333333,3.25,4.333333,2.666667,2.25,3.333333,3.333333,2.5,3.333333,3.333333,2.5
257,0,4,4,3.5,4,4,4,3,4.333333,3.75,4,4,3.5
257,1,4,4,3.5,4,4,4,3,4.333333,3.75,4,4,4
257,2,4,4,3.5,4,4,4,3,4.333333,3.75,3,4.333333,3.75
258,0,1.666667,3,2.5,3,3,3,3,3,3,1.666667,3,2.5
258,1,1.666667,3,2.5,3,3,3,3,3,3,3,3,3
258,2,1.666667,3,2.5,3,3,3,3,3,3,3,3,3
259,0,4.666667,5,3,4,4,3.75,4,4.333333,3.75,4.666667,5,3
259,1,4.666667,5,3,4,4,3.75,4,4.333333,3.75,4,4,3.75
259,2,4.666667,5,3,4,4,3.75,4,4.333333,3.75,4,4.333333,3.75
260,0,5,5,4.5,5,4.333333,3.25,3.666667,3,3.75,5,5,4.5
260,1,5,5,4.5,5,4.333333,3.25,3.666667,3,3.75,5,4.333333,3.25
260,2,5,5,4.5,5,4.333333,3.25,3.666667,3,3.75,3.666667,3,3.75
261,0,5,5,4.25,2,4.666667,3.75,3,3,3,5,5,4.25
261,1,5,5,4.25,2,4.666667,3.75,3,3,3,2,4.666667,3.75
261,2,5,5,4.25,2,4.666667,3.75,3,3,3,3,3,3
262,0,2.666667,3,3.5,3.333333,3.666667,3.75,2.666667,3,2.5,2.666667,3,3.5
262,1,2.666667,3,3.5,3.333333,3.666667,3.75,2.666667,3,2.5,3.333333,3.666667,3.75
262,2,2.666667,3,3.5,3.333333,3.666667,3.75,2.666667,3,2.5,2.666667,3,2.5
263,0,2,2,2.25,2.333333,2.666667,1.5,3,2,2.75,2,2,2.25
263,1,2,2,2.25,2.333333,2.666667,1.5,3,2,2.75,2.333333,2.666667,1.5
263,2,2,2,2.25,2.333333,2.666667,1.5,3,2,2.75,3,2,2.75
264,0,999,999,999, , , , , , , , , 
264,1,999,999,999, , , , , , , , , 
264,2,999,999,999, , , , , , , , , 
265,0,3.333333,4,3, , , , , , ,3.333333,4,3
265,1,3.333333,4,3, , , , , , , , , 
265,2,3.333333,4,3, , , , , , , , , 
266,0,3.666667,4.333333,3.75,1.666667,4,3.5,2,4,4.25,3.666667,4.333333,3.75
266,1,3.666667,4.333333,3.75,1.666667,4,3.5,2,4,4.25,1.666667,4,3.5
266,2,3.666667,4.333333,3.75,1.666667,4,3.5,2,4,4.25,2,4,4.25
267,0,2,3.666667,2.5,3.333333,3.666667,3,3.333333,3.333333,3.25,2,3.666667,2.5
267,1,2,3.666667,2.5,3.333333,3.666667,3,3.333333,3.333333,3.25,3.333333,3.666667,3
267,2,2,3.666667,2.5,3.333333,3.666667,3,3.333333,3.333333,3.25,3.333333,3.333333,3.25
268,0,3.333333,2.333333,3,3.333333,3.333333,3.75,3.666667,3.666667,3.75,3.333333,2.333333,3
268,1,3.333333,2.333333,3,3.333333,3.333333,3.75,3.666667,3.666667,3.75,3.333333,3.333333,3.75
268,2,3.333333,2.333333,3,3.333333,3.333333,3.75,3.666667,3.666667,3.75,3.666667,3.666667,3.75
269,0,2.666667,5,2.25,3.666667,3.333333,3.25,2.666667,4.333333,4,2.666667,5,2.25
269,1,2.666667,5,2.25,3.666667,3.333333,3.25,2.666667,4.333333,4,3.666667,3.333333,3.25
269,2,2.666667,5,2.25,3.666667,3.333333,3.25,2.666667,4.333333,4,2.666667,4.333333,4
270,0,4,4,4.5,3.666667,4,4,5,5, ,4,4,4.5
270,1,4,4,4.5,3.666667,4,4,5,5, ,3.666667,4,4
270,2,4,4,4.5,3.666667,4,4,5,5, ,5,5, 
271,0,2.333333,3.333333,4,2,1.666667,1.5,2,2.666667,1.75,2.333333,3.333333,4
271,1,2.333333,3.333333,4,2,1.666667,1.5,2,2.666667,1.75,2,1.666667,1.5
271,2,2.333333,3.333333,4,2,1.666667,1.5,2,2.666667,1.75,2,2.666667,1.75
272,0,2,4,3.25,3,3.333333,3.25,4,4,4,2,4,3.25
272,1,2,4,3.25,3,3.333333,3.25,4,4,4,3,3.333333,3.25
272,2,2,4,3.25,3,3.333333,3.25,4,4,4,4,4,4
273,0,3.333333,3.333333,3.25,2,3,3.75,2.333333,2.666667,3.5,3.333333,3.333333,3.25
273,1,3.333333,3.333333,3.25,2,3,3.75,2.333333,2.666667,3.5,2,3,3.75
273,2,3.333333,3.333333,3.25,2,3,3.75,2.333333,2.666667,3.5,2.333333,2.666667,3.5
274,0,3,3,3,2.666667,2,3,2,3,2,3,3,3
274,1,3,3,3,2.666667,2,3,2,3,2,2.666667,2,3
274,2,3,3,3,2.666667,2,3,2,3,2,2,3,2
275,0,4.333333,5,3,4.333333,5,3.25,4,4,4,4.333333,5,3
275,1,4.333333,5,3,4.333333,5,3.25,4,4,4,4.333333,5,3.25
275,2,4.333333,5,3,4.333333,5,3.25,4,4,4,4,4,4
276,0,2.666667,3.333333,2.5,4,3.333333,2.5,3.333333,3.666667,2.75,2.666667,3.333333,2.5
276,1,2.666667,3.333333,2.5,4,3.333333,2.5,3.333333,3.666667,2.75,4,3.333333,2.5
276,2,2.666667,3.333333,2.5,4,3.333333,2.5,3.333333,3.666667,2.75,3.333333,3.666667,2.75
277,0,1,4.333333,3,2.333333,3.666667,4,1,4.333333,1,1,4.333333,3
277,1,1,4.333333,3,2.333333,3.666667,4,1,4.333333,1,2.333333,3.666667,4
277,2,1,4.333333,3,2.333333,3.666667,4,1,4.333333,1,1,4.333333,1
278,0,4.666667,5,4,2.666667,2.666667,2.5,3,4.333333,3,4.666667,5,4
278,1,4.666667,5,4,2.666667,2.666667,2.5,3,4.333333,3,2.666667,2.666667,2.5
278,2,4.666667,5,4,2.666667,2.666667,2.5,3,4.333333,3,3,4.333333,3
279,0,3.333333,4,3,4,4,4,2.666667,3.666667,3.5,3.333333,4,3
279,1,3.333333,4,3,4,4,4,2.666667,3.666667,3.5,4,4,4
279,2,3.333333,4,3,4,4,4,2.666667,3.666667,3.5,2.666667,3.666667,3.5
280,0,1,5,1,5,5,5,5,5,4.5,1,5,1
280,1,1,5,1,5,5,5,5,5,4.5,5,5,5
280,2,1,5,1,5,5,5,5,5,4.5,5,5,4.5
281,0,4.666667,5,3.25,4,4.666667,3.5,4,4,3.25,4.666667,5,3.25
281,1,4.666667,5,3.25,4,4.666667,3.5,4,4,3.25,4,4.666667,3.5
281,2,4.666667,5,3.25,4,4.666667,3.5,4,4,3.25,4,4,3.25
282,0,2,2.666667,2.25,1,1.666667,1,1.333333,1.666667,1.25,2,2.666667,2.25
282,1,2,2.666667,2.25,1,1.666667,1,1.333333,1.666667,1.25,1,1.666667,1
282,2,2,2.666667,2.25,1,1.666667,1,1.333333,1.666667,1.25,1.333333,1.666667,1.25
283,0,2,4,1,2,3,1.25,3,4,1.5,2,4,1
283,1,2,4,1,2,3,1.25,3,4,1.5,2,3,1.25
283,2,2,4,1,2,3,1.25,3,4,1.5,3,4,1.5
284,0,4,3.666667,2.25,3.333333,3.333333,1.75,3.333333,4.333333,3,4,3.666667,2.25
284,1,4,3.666667,2.25,3.333333,3.333333,1.75,3.333333,4.333333,3,3.333333,3.333333,1.75
284,2,4,3.666667,2.25,3.333333,3.333333,1.75,3.333333,4.333333,3,3.333333,4.333333,3
285,0,2.666667,3,3,2.666667,2.333333,3,3,3.333333,3.5,2.666667,3,3
285,1,2.666667,3,3,2.666667,2.333333,3,3,3.333333,3.5,2.666667,2.333333,3
285,2,2.666667,3,3,2.666667,2.333333,3,3,3.333333,3.5,3,3.333333,3.5
286,0,4,3.666667,4,2,2.666667,3.5,3.666667,3.333333,4,4,3.666667,4
286,1,4,3.666667,4,2,2.666667,3.5,3.666667,3.333333,4,2,2.666667,3.5
286,2,4,3.666667,4,2,2.666667,3.5,3.666667,3.333333,4,3.666667,3.333333,4
287,0,5,5,5,4.666667,5,4.75,5,5,5,5,5,5
287,1,5,5,5,4.666667,5,4.75,5,5,5,4.666667,5,4.75
287,2,5,5,5,4.666667,5,4.75,5,5,5,5,5,5
288,0,4.666667,4.333333,4,4,3.333333,2.75,4,3.666667,2.25,4.666667,4.333333,4
288,1,4.666667,4.333333,4,4,3.333333,2.75,4,3.666667,2.25,4,3.333333,2.75
288,2,4.666667,4.333333,4,4,3.333333,2.75,4,3.666667,2.25,4,3.666667,2.25
289,0,5,5,4, , , ,2.666667,3,3,5,5,4
289,1,5,5,4, , , ,2.666667,3,3, , , 
289,2,5,5,4, , , ,2.666667,3,3,2.666667,3,3
290,0,1.333333,3.333333,1.25,1,2.666667,1,3,3,3,1.333333,3.333333,1.25
290,1,1.333333,3.333333,1.25,1,2.666667,1,3,3,3,1,2.666667,1
290,2,1.333333,3.333333,1.25,1,2.666667,1,3,3,3,3,3,3
291,0,2,2.666667,2,1,1,1.75,2.666667,2,2.5,2,2.666667,2
291,1,2,2.666667,2,1,1,1.75,2.666667,2,2.5,1,1,1.75
291,2,2,2.666667,2,1,1,1.75,2.666667,2,2.5,2.666667,2,2.5
292,0,1.666667,1,2,4,3.333333,3,4,4,3.75,1.666667,1,2
292,1,1.666667,1,2,4,3.333333,3,4,4,3.75,4,3.333333,3
292,2,1.666667,1,2,4,3.333333,3,4,4,3.75,4,4,3.75
293,0,1.666667,2.333333,2.5,2.333333,2.333333,3.25,3.666667,3.333333,3.5,1.666667,2.333333,2.5
293,1,1.666667,2.333333,2.5,2.333333,2.333333,3.25,3.666667,3.333333,3.5,2.333333,2.333333,3.25
293,2,1.666667,2.333333,2.5,2.333333,2.333333,3.25,3.666667,3.333333,3.5,3.666667,3.333333,3.5
294,0,4,3.666667,3.75,4,3.666667,3.75,4,3,3.75,4,3.666667,3.75
294,1,4,3.666667,3.75,4,3.666667,3.75,4,3,3.75,4,3.666667,3.75
294,2,4,3.666667,3.75,4,3.666667,3.75,4,3,3.75,4,3,3.75
295,0,4,4,4,4,4.333333,3.25,4,4,3.5,4,4,4
295,1,4,4,4,4,4.333333,3.25,4,4,3.5,4,4.333333,3.25
295,2,4,4,4,4,4.333333,3.25,4,4,3.5,4,4,3.5
296,0,4,4.666667,3.5,4,4,4,4,4,4,4,4.666667,3.5
296,1,4,4.666667,3.5,4,4,4,4,4,4,4,4,4
296,2,4,4.666667,3.5,4,4,4,4,4,4,4,4,4
297,0,4,4,3.5,4,4,4,4,4,4,4,4,3.5
297,1,4,4,3.5,4,4,4,4,4,4,4,4,4
297,2,4,4,3.5,4,4,4,4,4,4,4,4,4
298,0,4,4,4,4,4,3.5,4,3.666667,3.75,4,4,4
298,1,4,4,4,4,4,3.5,4,3.666667,3.75,4,4,3.5
298,2,4,4,4,4,4,3.5,4,3.666667,3.75,4,3.666667,3.75
299,0,2.333333,4.333333,2.75,3.666667,3.666667,2.75,4,3.333333,3,2.333333,4.333333,2.75
299,1,2.333333,4.333333,2.75,3.666667,3.666667,2.75,4,3.333333,3,3.666667,3.666667,2.75
299,2,2.333333,4.333333,2.75,3.666667,3.666667,2.75,4,3.333333,3,4,3.333333,3
300,0,2.666667,3.666667,2.25,2.666667,4.333333,3.75,3,4.333333,3.25,2.666667,3.666667,2.25
300,1,2.666667,3.666667,2.25,2.666667,4.333333,3.75,3,4.333333,3.25,2.666667,4.333333,3.75
300,2,2.666667,3.666667,2.25,2.666667,4.333333,3.75,3,4.333333,3.25,3,4.333333,3.25
